<?xml version="1.0" encoding="UTF-8"?>



<root>
    <horarios>
        <horarios>Horarios:</horarios>
        <LUNS>
            <dia>LUNS</dia>
        <primera_hora>
        <horas_inicio>16,20</horas_inicio>
            <asignaturas>FH</asignaturas>
        <horas_fin>17,10</horas_fin>
        </primera_hora>
        <segunda_hora>
        <horas_inicio>17,10</horas_inicio>
            <asignaturas>FH</asignaturas>
        <horas_fin>18,00</horas_fin>
        </segunda_hora>
        <tercera_hora>
        <horas_inicio>18,00</horas_inicio>
            <asignaturas>PAR</asignaturas>
        <horas_fin>18,50</horas_fin>
        </tercera_hora>
        <cuarta_hora>
        <horas_inicio>18,50</horas_inicio>
            <asignaturas>PAR</asignaturas>
        <horas_fin>19,40</horas_fin>
        </cuarta_hora>
        <quinta_hora>
        <horas_inicio>19,40</horas_inicio>
            <asignaturas>PAR</asignaturas>
        <horas_fin>20,30</horas_fin>
        </quinta_hora>
        <sexta_hora>
        <horas_inicio>20,30</horas_inicio>
            <asignaturas>FOL</asignaturas>
        <horas_fin>21,20</horas_fin>
        </sexta_hora>
        <septima_hora>
        <horas_inicio>21,20</horas_inicio>
            <asignaturas>FOL</asignaturas>
        <horas_fin>22,10</horas_fin>
        </septima_hora>
        </LUNS>
        <MARTES>
            <dia>MARTES</dia>
        <primera_hora>
        <horas_inicio>16,20</horas_inicio>
        <asignaturas>ISO</asignaturas>
        <horas_fin>17,10</horas_fin>
        </primera_hora>
        <segunda_hora>
        <horas_inicio>17,10</horas_inicio>
            <asignaturas>ISO</asignaturas>
        <horas_fin>18,00</horas_fin>
        </segunda_hora>
        <tercera_hora>
        <horas_inicio>18,00</horas_inicio>
            <asignaturas>XBD</asignaturas>
        <horas_fin>18,50</horas_fin>
        </tercera_hora>
        <cuarta_hora>
        <horas_inicio>18,50</horas_inicio>
            <asignaturas>XBD</asignaturas>
        <horas_fin>19,40</horas_fin>
        </cuarta_hora>
        <quinta_hora>
        <horas_inicio>19,40</horas_inicio>
            <asignaturas>LMSXI</asignaturas>
        <horas_fin>20,30</horas_fin>
        </quinta_hora>
        <sexta_hora>
        <horas_inicio>20,30</horas_inicio>
            <asignaturas>LMSXI</asignaturas>
        <horas_fin>21,20</horas_fin>
        </sexta_hora>
        <septima_hora>
        <horas_inicio>21,20</horas_inicio>
            <asignaturas>LMSXI</asignaturas>
        <horas_fin>22,10</horas_fin>
        </septima_hora>
        </MARTES>
        <MERCORES>
             <dia>MÉRCORES</dia>
        <primera_hora>
        <horas_inicio>16,20</horas_inicio>
            <asignaturas>FH</asignaturas>
        <horas_fin>17,10</horas_fin>
        </primera_hora>
        <segunda_hora>
        <horas_inicio>17,10</horas_inicio>
            <asignaturas>FH</asignaturas>
        <horas_fin>18,00</horas_fin>
        </segunda_hora>
        <tercera_hora>
        <horas_inicio>18,00</horas_inicio>
            <asignaturas>PAR</asignaturas>
        <horas_fin>18,50</horas_fin>
        </tercera_hora>
        <cuarta_hora>
        <horas_inicio>18,50</horas_inicio>
            <asignaturas>PAR</asignaturas>
        <horas_fin>19,40</horas_fin>
        </cuarta_hora>
        <quinta_hora>
        <horas_inicio>19,40</horas_inicio>
            <asignaturas>PAR</asignaturas>
        <horas_fin>20,30</horas_fin>
        </quinta_hora>
        <sexta_hora>
        <horas_inicio>20,30</horas_inicio>
            <asignaturas>ISO</asignaturas>
        <horas_fin>21,20</horas_fin>
        </sexta_hora>
        <septima_hora>
        <horas_inicio>21,20</horas_inicio>
            <asignaturas>XBD</asignaturas>
        <horas_fin>22,10</horas_fin>
        </septima_hora>
        <octava_hora>
        <horas_inicio>22,10</horas_inicio>
        <asignaturas>XBD</asignaturas>
        <horas_fin>23,00</horas_fin>
        </octava_hora>
        </MERCORES>
        <XOVES>
             <dia>XOVES</dia>
        <primera_hora>
        <horas_inicio>16,20</horas_inicio>
            <asignaturas>ISO</asignaturas>
        <horas_fin>17,10</horas_fin>
        </primera_hora>
        <segunda_hora>
        <horas_inicio>17,10</horas_inicio>
            <asignaturas>ISO</asignaturas>
        <horas_fin>18,00</horas_fin>
        </segunda_hora>
        <tercera_hora>
        <horas_inicio>18,00</horas_inicio>
            <asignaturas>PAR</asignaturas>
        <horas_fin>18,50</horas_fin>
        </tercera_hora>
        <cuarta_hora>
        <horas_inicio>18,50</horas_inicio>
            <asignaturas>PAR</asignaturas>
        <horas_fin>19,40</horas_fin>
        </cuarta_hora>
        <quinta_hora>
        <horas_inicio>19,40</horas_inicio>
            <asignaturas>XBD</asignaturas>
        <horas_fin>20,30</horas_fin>
        </quinta_hora>
        <sexta_hora>
        <horas_inicio>20,30</horas_inicio>
            <asignaturas>XBD</asignaturas>
        <horas_fin>21,20</horas_fin>
        </sexta_hora>
        <septima_hora>
        <horas_inicio>21,20</horas_inicio>
            <asignaturas>XBD</asignaturas>
        <horas_fin>22,10</horas_fin>
        </septima_hora>
        </XOVES>
        <VENRES>
             <dia>VENRES</dia>
        <primera_hora>
        <horas_inicio>16,20</horas_inicio>
            <asignaturas>ISO</asignaturas>
        <horas_fin>17,10</horas_fin>
        </primera_hora>
        <segunda_hora>
        <horas_inicio>17,10</horas_inicio>
            <asignaturas>ISO</asignaturas>
        <horas_fin>18,00</horas_fin>
        </segunda_hora>
        <tercera_hora>
        <horas_inicio>18,00</horas_inicio>
            <asignaturas>ISO</asignaturas>
        <horas_fin>18,50</horas_fin>
        </tercera_hora>
        <cuarta_hora>
        <horas_inicio>18,50</horas_inicio>
            <asignaturas>FOL</asignaturas>
        <horas_fin>19,40</horas_fin>
        </cuarta_hora>
        <quinta_hora>
        <horas_inicio>19,40</horas_inicio>
            <asignaturas>FOL</asignaturas>
        <horas_fin>20,30</horas_fin>
        </quinta_hora>
        <sexta_hora>
        <horas_inicio>20,30</horas_inicio>
            <asignaturas>LMSXI</asignaturas>
        <horas_fin>21,20</horas_fin>
        </sexta_hora>
        <septima_hora>
        <horas_inicio>21,20</horas_inicio>
            <asignaturas>LMSXI</asignaturas>
        <horas_fin>22,10</horas_fin>
        </septima_hora>
        </VENRES>
    </horarios>
</root>

