<?xml version="1.0" encoding="UTF-8"?>



<root>
    <receta>
        <receta>Sopa de cebola</receta>
    </receta>
    <ingredientes>
        <ingredientes>Ingredintes:</ingredientes>
        <ingredientes>1 kg de cebolas.</ingredientes>
        <ingredientes>1 de caldo de carne.</ingredientes>
        <ingredientes>100 gr manteiga.</ingredientes>
        <ingredientes>1 cullerada de fariña.</ingredientes>
        <ingredientes>100 gr de queixo emmental suizo ou gruère raiado.</ingredientes>
        <ingredientes>Pan torrado en rebanadas.</ingredientes>
        <ingredientes>Tomiño.</ingredientes>
        <ingredientes>1 folla de loureiro.</ingredientes>
        <ingredientes>Pementa</ingredientes>
    </ingredientes>
    <proceso>
        <proceso>Proceso:</proceso>
        <proceso>Pelar e partir as cebolas en toros finos.</proceso>
        <proceso>Sofritilas coa manteiga, sal e pementa a lume lento ata que estean
        transparentes sen dourarse.</proceso>
        <proceso>Engadir a fariña sen deixar de remover.</proceso>
        <proceso>Poñelo nunha cazola co caldo, o tomiño e o loureiro.</proceso>
        <proceso>Deixar cocer a lume lento durante uns 15 minutos.</proceso>
        <proceso>Poñer as rebandas de pan encima, empoar o queixo e gratinar ao forno.</proceso>
    </proceso>
</root>

